Gene Name,Coffea Gene ID,Chromosome,Start,End,Strand,Sequence
aspartate oxidase (AO),XM_027241553.1,unknown,0,1511,+,CTTTCCTTCCCATTCAGTGTACCCTCCAACTTTTCTCCTCATCATCATCATCATCTCTCTCTCTCTCTCTGCATTTTCCCTCCTATTTATTTCCTTCTGAATAATCAATCATGTTATACGTGCTGTCTCTTTCTCAAGTCCATAATGGGTTGCAACTGGTAAAGAGAAGAGTTACATGTGTTTGAAAGTTGCAACCGCAAATTAGAAGGGTTCATATATACTGGTGCCTAATTCAACTGCTCTGAGTTCCTAACTTTAAATGAATAGTTCCTCTGTTTACCATGGAGAAACTCAACTTTGTTAAGAATGGTGTGCTGAGATTGCCACCTGGCTTTCGGTTTCATCCGACCGATGAAGAGCTGGTTGTTCAGTACTTGAAGCGCAAGGCCCTGTCCTGCCCTCTCCCTGCATCCATAATCCCAGAGGTTGATGTCTGCAAGTCTGATCCTTGGGATTTGCCAGGTGATTTGGAGAGAGAGAGGTACTTCTTTAGCAAAAGGGAAGTGAAGTATCGAAGTGGAAACCGATCCAACAGAGCAACTGGTTCAGGATATTGGAAGGCAACTGGGGTAGACAAACAAATAGTGGCATGTAGAAGCCGCCTAGGAGTAGGAGGAGTTGGTGGTGTGAAGAAGACACTGGTGTTTTACAGAGGAAAGCCACCGAACGGGATCAGAACTGACTGGGTCATGCATGAGTATCGCCTCGTTAATGTCGTCGAAGCCGCCGCCCCAATATCTCCGCTGCAAAACAAATCGGCCCAGGAAAGTTGGGTTCTCTGCCGCATATTCTTGAAGAGGAGAAGTGGGAAATCTTCCGAGGATGAGGTAACAGAGTCATCCCTCCCGAATTGCACAGCTGCTGCTCCTCCTCCTCTGGGGGGGAAAATGAATGGGGTGGTTGTTTTCTATGACTTCTTGGGCAAGGATACAAGGGAATTGAATCCGGGGGCAACAATCTCCTCGTCTTCGGGGTGCAGTGGAATCACTGAGATTTCCTGTAATGAAGCGGAGGATATGGAAGAAAGTAGCAGTTGCACTAGTCTTGGCCCTTTTAAAAGGAATCAATAATATGTTACTAGCAGCAAGTAGCATGCTAGGAAAGAAAAAGCCCAGAGAAAGAATTCATCAGCCTCGAAAATTCGGCAGGTCAGTTTAGATAACCGATTTGATTCAGAGCCTGTAATTTTGGCTAAATCAGCTTCGCCTCTCTTTCCCTGCGGACTAGTTGTATTGTATTGTAGAAGAAAGAAGAAGCACTACGCAGTAGTTAAAAGTAGAAAAGAAGAGGCAGGGACAGGGAGTGGAAACCTCCCTTGCTCCTAGCCTTACTAGTTACTTACTGTTACACTAGACTAGAAGATGAAAAATTTCGAAGTGGAATTTCCCCATCCAGGACGGCTGACGTTTGACCTTTTTGAGTTAAAAATCCAGTGCAGTGGTGTAGCAGTAAATTCGTAACCCCACTTCAATGTAACTGTTCTGCTATAGCACCGTTTGTGTCTTTCTAAA
quinolinate synthase (QS),XM_027217555.1,unknown,0,1391,+,CACATGCACTTGTTGTTTTACTACGAAAAGGATAACCAGAGCCACTTCTTGCACTGCATGCAAACCTCATAACCTCCCAAATCTTTGTTTCCCTATCATCAAAATGGCCACCACAGCCACAAAACTCCGTCGTTTCCTCCCCCTCTTCCCCATCTTTCTTTGTCTCTTTTCCCTCTTCATCATCCCTTCTCATTCCTCCTTAGACTCTTTCATCTACGGTGGCTGTTCTCAGATAAAATACACCCCAGACTCGCCCTACGAGTCAAATCTAAACTCACTCCTCACTTCCCTGGTTAACTCAGCCACTTATGCAGCTTACAACAAATATTCCGTCACGGGTTCGAGCCCACAAGATGTTGTCTACGGGCTGTATCAATGCAGGGGCGATTTATCCATGCCTGATTGTGCCACATGTGTGACTCGGGCAGTGAGTCAATTCGGTGGCTTGTGTCCGCAGACTTGTGGCGGAGCTCTGCAGTTACAAGGGTGCTTCGTCAAGTACGATAACAGTAGCTTTATTGGCCAAGAAGATAAGACTGTCGTGATGAAGAAATGTGGACCGTCCAATGGTTTTGATACTGATGCAATGAACCGTCGTGATGCGGTTTTGGGGAGCTTGGGTTCGGCTGGTGGGCTGTACAGAGTTGGTGGGGCTCAGGATATTCAAGGGGTAGCGCAATGCGTCGGGGATTTGAGTATGGGACAGTGTCAAGATTGTTTATCAGAGGCAATCAAGCGGTTGAAAACTGAGTGTGGAGGAGCTGTTTTTGGTGATATGTTTTTGGGGAAATGTTATGCTAGATATTCTACTAGTGGAGATCATCCTTATGCAGCAAGATCTGGTCATGAATCTTCTCACAGCGATTCTGAGAAGACATTTGCAATTATTATTGGACTATTAGCTGGTGTAGCTCTAATTATCATATTAGCAACTTTCATGAGAAGAACGTTTGGTGAAAATGGTAAATAAATAACCATAGATCCCTCTTGCCAAAGTAACCTGGAATTAACCAAGAATTTCAAGAATATTTCTTCCCCGACTTATTTTTTTGAAAGCCCTTTTTGCCTTTTTCTTTTGCTGTTGCCCTTCACCTGCGTTTCTGTTTGGGGATTTGCTTTATGCTTCTATGCGAAAGGAGTTACAGATCGTGGATGAAATCAAGACGGAAAAGATGCCTCTAGATTCTAGGGATATGTGTACTCTGAAAGCAAAATTCAAGTTAAAGATGGTTAAAAGAGGGATGCCAAGATTCCACCCTTTTCTCCACTTCAACAAAGTTGTATCGTCTAATGTTAAAAAGTGGCATATTCTTTTGTAAAGGAGCAAATGGCATAGTCTGTATGGTGCTTTTCATCCTTTTATCGTTCAATTGTCACAGCAATTTTTTTTT
quinolinic acid phosphoribosyl transferase (QPT),XM_027258734.1,unknown,0,1601,+,AAAGATTGTAGCATTAAGTTAACAACCTCCCGTCCCCTTTCATGGAGTCAGTCAGAGCCAGTCATGGATCGCCATCACCGCCATTGAAAGGTAAATTCTTGGTCAAACTGAAAACCCCCTTTAAATCCTGCTGTAATTATACTTCTTCAAGTTTCATCCTGTCTTCCCACTGTCCAGTTTGATTCCTTTCACAAATCAAAACTCCTCCCTTGGTCCAGTTTGCCCCCATCAAACACTCCCAAAATAACCAAATAAAAAAGCCAAAAAAAAAACCCAAAAAATCCCATTCAAATCCCACCAAATCCCCCTCACCTCCCTACTTATATAAACCCCATGTGGTATTAGTTCTTCTGCCACCAAAGATCTTTTCTTTCTTTTTCATTTTTTGGTTCATTTTCTTTTTCCTGCCCAAAATGATAACCAGTAATTCTACTGGTAACCATGTCCATCAGCATCATCAGCAGAAATCTCATTCTCATTCTCACCATAGAAATCTACCCAAGAGAATAATCTTGGTCCGGCATGGCGAAAGCGAAGGGAACAAAGATGACTCGGCATACGTTGCCACCCCGGATTACAGAATCCCATTAACTTCTACTGGCATTTCCCAAGCTCGGCAAGCCGGATTAGGCATCAGGCAGGTGGTTTCCGATCAGGGTTCTTCTCAGAATTGGAGAATTTACTTCTATGTCTCTCCTTATGAGCGCACGCGCTCCACGCTCCGGGAGATCGGCCGGGCATTTTCTAGGCGTCGAGTGATCGGTGTCCGGGAAGAGTGCAGGATTAGGGAACAAGATTTTGGGAATTTTCAGGTGGCGGAGAGGATGAAGATTATTAAAGAGACCAGAGAGAAGTTTGGGAGGTTCTTTTATCGGTTTCCTGAAGGCGAATCGGCGGCCGATGTCTATGACAGGGTTTCCAGTTTCCTTGAATCTTTATGGAGGGATATAGACATGAACAGACTTCAACAAAACGCAGCTGATGACCTAAATCTCGTAATTGTATCTCATGGACTAGCTATTCGCGTCTTTCTCATGAAGTGGTTCAAGTGGACTGTAGAACAATTTGAGTATCTAAACAATCTTGGCAACTGCGAGTTTCGAGTTATGCAATTAGGCATTGGTGGAGAATATAGCTTGGCAGTCAATCATAGTGATGAAGAGATGCAAGCATGGGGGTTATCCTCAGATATGATAGCAGACCAGATGTGGCGAGCTCATGCCAAGAAGGGGGATTGGAATGAAAAGTGTCCTTGGTACCTTGATGCTTTCTTTGATAGCCTAGCTGAGACAGATGAAAGTTCTGAAGAAGATGATGAAAGCAAAGAGTTCTTGGACTGCGTGTGAAAGGGGTGTATATTTTCCAGTTCTCCTTTGGTTCAGTTGTATAGGCTATTTGTCACTTCTTTACTGTACTTCTAGGTGTCACACAACAATTCCCCCTGTATCTGTTTCGCCCCACATTCTCTTGTTAGGAGCTAAATATTTTCATGTCATAATGTGAAAACATCTCTTAGTTTAACATTGTGGAAATGACCTATTATACATTACATTGATGCCTCCATGGACATGAATCACAATAAACAAGTTGTTCGGTTTAAA
ornithine decarboxylase (ODC),XM_027268990.1,unknown,0,2972,+,CAAGTGTATCACTGGCCTGCGGGAACTCTCTCTCTCTCTCTCTCTCTCTCACACACAAAACACGCACTAAAGCACGCATTGTTGATCAGAGCGGAAAAGCCCTAGGTGTTGGAGCATTTTGAGTTTTTTTTTTATTCCGTCAAATCACACACACTCACTCACAGACACAGAGGTATATCGGCTGAGGAAGCGGTGGCGGTGGTGGTGGCGTCGGCGGTGGAAATTTTGGTAAGGAGAGGAGGAGGTGCTGTATGTCAGTAGATTATTGTTATAGACATTTTTGCGGTGGATTTGGATTGGGAGAGTTAGCGAATCAGTTACAATGGCCGCAGTTACGCAAAAGGCGACGCCTCCGTCTCCGACTTCCTCCGTGGCCGCCGGTGCTTCCTCCGTCCTCGTTCGCCGGGAGGCCGCAGCCGTAGCCTCGGCGTTGCAGGACTGGAATGATGATCATACGGGGAAGAAACAGGTGGCATCTGTGGTTCGCTCTGAGCCGGCGTCAAATGCCTCCAACAAAGGGATTCAGCTTTTGCAAAGGGCTCAAACCTGCCATCCTTTGGATCCTTTAACTGCTGCAGAGATCTCTGTGGCTGTAGCAACCGTCCGTGCTGCTGGTGCAACCCCTGAGGTTAGAGATGGTATGCGATTTATTGAAGTTGTACTGTTGGAACCAGAAAAAAATGTTGTTGCACTGGCAGATGCATATTTCTTCCCCCCTTTCCAGCCATCATTACTTCCCAGAACCAAAGGAGGGCCTGCAATTCCCAGTAAGCTCCCACCAAGGCGGGCTAGACTTGTTGTCTACAATAAAAAATCTAATGAGACAAGTTTATGGATTGTTCAGCTCACTCAGGTACATGCAACAACTCGAGGTGGACACCATAGGGGAAAGGTCATCTCTTCAGCAGTTGTCCCAGATGTTCAGCCACCAATGGATGCAGTGGAATATGCTGAATGCGAAGCTGTTGTAAAAGATTATCCTCCATTTGTGGAAGCAATGAAGAAGAGGGGGATTGATGATATGGATCTTGTGATGGTCGATGCTTGGTGTGTTGGTTATCACAGTGAAGCTGATGCTCCTGGACGCAGACTTGCAAAACCGCTAATATTTTGTAGAACGGAGAGTGACTGTCCAATGGAAAATGGTTATGCACGACCTGTTGAAGGAATTCATGTACTTGTTGATATGCAAAATATGGTGGTCGTTGAATTTGAAGACCGTAAACTTGTTCCCTTACCTCCTGCTGATCCACTAAGGAATTATACTCCTGGTGAGACAAGAGGAGGAGTTGACCGGAGTGATGTGAAACCCCTACATATCAATCAGCCTGAGGGTCCAAGTTTTCGCGTAAATGGACACTATGTAGAATGGCAAAAGTGGAACTTTCGTGTTGGTTTCACTCCTAGAGAGGGGTTAGTTATACATTCTGTTGCATATGTTGATGGTAGTCGTGGTAGAAGACCCATAGCCCATAGGTTGAGTTTTGTGGAGATGGTTGTGCCATATGGGGATCCAAATGATCCACATTACAGAAAGAATGCATTTGATGCTGGGGAAGATGGCCTTGGGAAAAATGCTCATTCTCTGAAAAAGGGATGTGATTGCTTAGGATTTATTAAGTACTTCGATGCCCATTTTACAAATTTCACTGGAGGTGTTGAAACCATTGAAAATTGTGTTTGCTTGCATGAAGAAGATCATGGGATCTTATGGAAGCATCAGGATTGGAGAACCGGACTGGCAGAAGTTCGAAGATCTAGACGCCTCACAGTTTCTTTTATTTGCACAGTAGCTAATTATGAGTATGGATTTTATTGGCATTTTTATCAGGATGGAAAAATTGAAGCAGAAGTTAAACTCACTGGAATTCTTAGTTTAGGAGCACTGCAACCAGGAGAATCTCGAAAATATGGCACAACAATTGCTCCAGGTTTGTATGCTCCTGTTCATCAACACTTTTTTGTTGCTCGCATGGATATGGCAGTTGACTGCAAGCCTGGAGAAGCCCACAATCAGGTTGTTGAAGTAAATGTCAGAGTTGAAGAACCTGGGAAAGATAATGTGCACAACAATGCATTTTATGCTGAAGAAACTTTACTCAGATCTGAACTAGAAGCAATGCGAGATATTGATCCTTTCTCTGCCCGCCATTGGATTATCAGGAACACGAGAACAGTGAATAGGACTGGGCAACTCACTGGTTACAAATTAGTACCTGGTTCAAACTGTCTGCCAATGGCTGGTCCTGAGGCTAAATTCCTGAGAAGAGCTGCATTTTTGAAGCACAATCTATGGGTTACACAATATGCACGTGGAGAGGACTTTCCTGGAGGAGAGTTTCCTAATCAGAACCCACGTGTTGGTGAGGGATTGGATTCATGGGTTAAGCAAAATCGTTCTCTTGAAGAAACTGATATTGTTCTGTGATTGGCCTGTTATGCCTGTCGAGCGCATTGGTTTTTTGCTTCAGCCACACGGGTTTTTTAACTGCTCTCCTGCGGTCGATGTTCCACCTGGTGCATGCGAGATGGATGGCAAAGATAACGATGTCAAAGAGAGCAGCCTAGCAAAGCCAATCCCAACTGGTCTAGTGGCCAAACTCTGAGGAATACTTCTTTCTGTATGAAACAGTTCCTCATGGCTATGCTGCAGAGTGACAGTCCTGTCCTGTCACTCCTCGCTTAGAAGCTATTGTTTGGAATACAGTTAAGTTTTCGCTATGGTTTTAAGTACTGCTGAACGCAATGGATTGTGTACTGTTTTCTTGAGATTCTGAGCCAAAAAACTGCTGTTTACCTTTCGCTAGTTCCCTTGGCCTGCTTGGTTTGTCCTTGTTGCATAGGAATTTGCAGGTTGTGCTGTGAAGTCCAAGAGTTTGAATTTTATATAAACCAGGATATTATTTTCCTGTCTTCGTACTGTGGAGATTTGAATGATTTAAAGAGTTGGAATCTTGTGTGATTTTGTTTTT
N-methylputrescine oxidase (MPO),XM_027268990.1,unknown,0,2972,+,CAAGTGTATCACTGGCCTGCGGGAACTCTCTCTCTCTCTCTCTCTCTCTCACACACAAAACACGCACTAAAGCACGCATTGTTGATCAGAGCGGAAAAGCCCTAGGTGTTGGAGCATTTTGAGTTTTTTTTTTATTCCGTCAAATCACACACACTCACTCACAGACACAGAGGTATATCGGCTGAGGAAGCGGTGGCGGTGGTGGTGGCGTCGGCGGTGGAAATTTTGGTAAGGAGAGGAGGAGGTGCTGTATGTCAGTAGATTATTGTTATAGACATTTTTGCGGTGGATTTGGATTGGGAGAGTTAGCGAATCAGTTACAATGGCCGCAGTTACGCAAAAGGCGACGCCTCCGTCTCCGACTTCCTCCGTGGCCGCCGGTGCTTCCTCCGTCCTCGTTCGCCGGGAGGCCGCAGCCGTAGCCTCGGCGTTGCAGGACTGGAATGATGATCATACGGGGAAGAAACAGGTGGCATCTGTGGTTCGCTCTGAGCCGGCGTCAAATGCCTCCAACAAAGGGATTCAGCTTTTGCAAAGGGCTCAAACCTGCCATCCTTTGGATCCTTTAACTGCTGCAGAGATCTCTGTGGCTGTAGCAACCGTCCGTGCTGCTGGTGCAACCCCTGAGGTTAGAGATGGTATGCGATTTATTGAAGTTGTACTGTTGGAACCAGAAAAAAATGTTGTTGCACTGGCAGATGCATATTTCTTCCCCCCTTTCCAGCCATCATTACTTCCCAGAACCAAAGGAGGGCCTGCAATTCCCAGTAAGCTCCCACCAAGGCGGGCTAGACTTGTTGTCTACAATAAAAAATCTAATGAGACAAGTTTATGGATTGTTCAGCTCACTCAGGTACATGCAACAACTCGAGGTGGACACCATAGGGGAAAGGTCATCTCTTCAGCAGTTGTCCCAGATGTTCAGCCACCAATGGATGCAGTGGAATATGCTGAATGCGAAGCTGTTGTAAAAGATTATCCTCCATTTGTGGAAGCAATGAAGAAGAGGGGGATTGATGATATGGATCTTGTGATGGTCGATGCTTGGTGTGTTGGTTATCACAGTGAAGCTGATGCTCCTGGACGCAGACTTGCAAAACCGCTAATATTTTGTAGAACGGAGAGTGACTGTCCAATGGAAAATGGTTATGCACGACCTGTTGAAGGAATTCATGTACTTGTTGATATGCAAAATATGGTGGTCGTTGAATTTGAAGACCGTAAACTTGTTCCCTTACCTCCTGCTGATCCACTAAGGAATTATACTCCTGGTGAGACAAGAGGAGGAGTTGACCGGAGTGATGTGAAACCCCTACATATCAATCAGCCTGAGGGTCCAAGTTTTCGCGTAAATGGACACTATGTAGAATGGCAAAAGTGGAACTTTCGTGTTGGTTTCACTCCTAGAGAGGGGTTAGTTATACATTCTGTTGCATATGTTGATGGTAGTCGTGGTAGAAGACCCATAGCCCATAGGTTGAGTTTTGTGGAGATGGTTGTGCCATATGGGGATCCAAATGATCCACATTACAGAAAGAATGCATTTGATGCTGGGGAAGATGGCCTTGGGAAAAATGCTCATTCTCTGAAAAAGGGATGTGATTGCTTAGGATTTATTAAGTACTTCGATGCCCATTTTACAAATTTCACTGGAGGTGTTGAAACCATTGAAAATTGTGTTTGCTTGCATGAAGAAGATCATGGGATCTTATGGAAGCATCAGGATTGGAGAACCGGACTGGCAGAAGTTCGAAGATCTAGACGCCTCACAGTTTCTTTTATTTGCACAGTAGCTAATTATGAGTATGGATTTTATTGGCATTTTTATCAGGATGGAAAAATTGAAGCAGAAGTTAAACTCACTGGAATTCTTAGTTTAGGAGCACTGCAACCAGGAGAATCTCGAAAATATGGCACAACAATTGCTCCAGGTTTGTATGCTCCTGTTCATCAACACTTTTTTGTTGCTCGCATGGATATGGCAGTTGACTGCAAGCCTGGAGAAGCCCACAATCAGGTTGTTGAAGTAAATGTCAGAGTTGAAGAACCTGGGAAAGATAATGTGCACAACAATGCATTTTATGCTGAAGAAACTTTACTCAGATCTGAACTAGAAGCAATGCGAGATATTGATCCTTTCTCTGCCCGCCATTGGATTATCAGGAACACGAGAACAGTGAATAGGACTGGGCAACTCACTGGTTACAAATTAGTACCTGGTTCAAACTGTCTGCCAATGGCTGGTCCTGAGGCTAAATTCCTGAGAAGAGCTGCATTTTTGAAGCACAATCTATGGGTTACACAATATGCACGTGGAGAGGACTTTCCTGGAGGAGAGTTTCCTAATCAGAACCCACGTGTTGGTGAGGGATTGGATTCATGGGTTAAGCAAAATCGTTCTCTTGAAGAAACTGATATTGTTCTGTGATTGGCCTGTTATGCCTGTCGAGCGCATTGGTTTTTTGCTTCAGCCACACGGGTTTTTTAACTGCTCTCCTGCGGTCGATGTTCCACCTGGTGCATGCGAGATGGATGGCAAAGATAACGATGTCAAAGAGAGCAGCCTAGCAAAGCCAATCCCAACTGGTCTAGTGGCCAAACTCTGAGGAATACTTCTTTCTGTATGAAACAGTTCCTCATGGCTATGCTGCAGAGTGACAGTCCTGTCCTGTCACTCCTCGCTTAGAAGCTATTGTTTGGAATACAGTTAAGTTTTCGCTATGGTTTTAAGTACTGCTGAACGCAATGGATTGTGTACTGTTTTCTTGAGATTCTGAGCCAAAAAACTGCTGTTTACCTTTCGCTAGTTCCCTTGGCCTGCTTGGTTTGTCCTTGTTGCATAGGAATTTGCAGGTTGTGCTGTGAAGTCCAAGAGTTTGAATTTTATATAAACCAGGATATTATTTTCCTGTCTTCGTACTGTGGAGATTTGAATGATTTAAAGAGTTGGAATCTTGTGTGATTTTGTTTTT
A622,XM_027249933.1,unknown,0,1469,+,AGAAGTTTTTTTTTCCAAACGACACTTTAGAAGTTGATTGAGTGATTTGTAAATTAAATTAGTTTTGTTGCCAAAAGTAGAAGATGCGAATCCAATGGCCAGATAGGTTTTTAAATTCATTTTGCCGACTCTTACAGGCATAATTTATTTTGCCGACTCGCTCAGCTAATTCTCTCCGCTACAACTGGGCTACGTATTCTTTCATCTTTGACTTCGCCGGAAAATCAAGAAATGGCGGGAAAGAGCAAGATTCTGATAATTGGTGGCACTGGGTACATCGGAAAATTCATAGTGGATACCAGCGCCAAAATGGGTCATCCGACCTTTGCTCTAATGAGAGAATCCACCCTCTCTAATCCTTCCAAGTCCCAAATCGTCCAGAACTTCAGGAACTCCGGCGTCACTCTACTCTATGGCGATATCTATGATCATGCAAGCTTAGTAAACGCCATAAAGCAGGTGGACGTGGTAATCTCTACCGTTGGCCGTGAGCAGTTGGCTGATCAGATCAACATCATTGCTGCTATTAAGGAAGCTGGTAATGTCAAGAGATTTTTCCCTTCCGAGTTTGGGAATGATGCGGATCGTGTCCATCCTGTCCAGCCTGCAAAAACAATGTATGATGCCAAAGTTCGAATTCGCCGCATGGTTGAGGCTGAAGGAATTCCCTTTACTTATGTTGTAAACAATTTTTTCGCTGGTTATTTTCTGCGAACACTGTCACAACCAGGTGCTACTGCTCCCCCAAGAGATAAAGTTGTTATCTTCGGGGATGGGAATCCAAAAGCCATTTACTGTAAGGAGGAAGATATTGCTATCTACACTATCAAAGCTGTTGATGATCCACAGACCTTGAATAAGGTTCTCTATGTGAGACCACCTCAAAATACTATTTCACTAAACGAGCTTGTATCTTTGTGGGAGAAAAAAATTGGTAAAACACTGGAAAGAACGTATATTTCTGAGGAGCAACTGCTGAGGAATATTCAAGAAGCTTCTTTCCCGATGAATGCGATATTGTCAATCTTGCACACAGCATATGTGAAGGGAGATCATACCAATTTCGAGATAGATAGTTCATTTGGAGCAGAGGCATCTGAACATTTCCCTGATGTCAAATATGCTACTGTGGATGAGATGCTTGACCGATTAGTCTGAAATTACTTGCTTGTTCCCTTTCCTCTGTGATCCCTTCTCGACGCTTTCCAAGTTATGATGATGATGACCAATTTCACGTGCTAATCTTACCGGACCATTATTCCCTCCAGTTTTAGTACTAAATCCAATCTAAGAAGCTTGCTATGATAAATCTTGTATCTTTTTTTAAAAATTTTTCTCCAAGTTTGTAATGCTTGCTATGATTAATGCCTGATGGACACAAGGATAGAATTTTTTTAAGGTTGTCACAGACGGCCTTCCATTTAAGGCTGGCCTAGAGCCTTGCCTAGTTACTAGTCACCGTGGCGTAA
BBL,XM_027235407.1,unknown,0,2446,+,TATAGATGTAAACATATACATCATTGTACCATTGTATGTGATGTAAAACAAAAGCAGGCCTAGCAGTTTCTTATCATTGGCCGGCATATGCAGACGTTCCTTGGGGTAATTAATTACTCAAAAGCCATACTTGTTTGGTTTGATGTTCGTTATCTTCATTCACAATCTGTGAAGTAAGAACAGAATCAAGAACTAGCTAGTTAAAGTAAAACCTCCCTACTCTGGTCTCTATCTCTCTCTTTATGCCGATCTCTGCATATGTTACTTATCTACTTGAATGTCACGGAAGTTTTTCCCTGCAAACTTTTCATTTCACTACTAGCAGTAATAGGAAATCTACATTGGCCGGCCATCCACGGTTTTATGTATATATGCTCTCTTCATCGGATTGTTCTTCATCCCTTTGTCCTTATTCCATGATATTAATCTTTTTCCTAATCAGTTTCTCAAGTAGTATAAATAACATGAGAATACTAGATCATTCCTTTGCTACTACTGTTCAGGAATACATCACACTTTGAGATTAATTAAGTAGCTAAGATGAAGAAATTCATGATCTTGGGAAGTGATAAACCACTAACCTTTCTTGTCCCTGTAATTATTAGCATCTTCATCACTTCATTTGCAGTCCCTTCATTGTGTACTGCTCCCCTGATTGAAACTTGTTTGGTTGATTATGGGGTCAAGAACTTCACCCTCTTCCCAAGTAATCATGACCATGGTGAAGACACGAGGGCTTACTACAGCTTCCTCAATTTTTCCATTCAGAATCTTAGGTTCGCAGAACCCTCGATGCCTAAACCAATAGCCATCATCATGCCAGAGAACAAAGAGCAGCTAGTCATGACTGTGCTGTGCTGTAGGAAAGGATCTTGGGAGATTAGAGTCAGGTGCGGGGGACACAGCTACGAGGGGACTTCCTCCATTGCTACAGATGGCTCTGCTTTCGTCATCATCGACCTGATGAATCTGAACCGAGTTTCGGTGGATTTGGAATCCCAAGTGGCTTGGGTGGAAGGAGGCGCCACTCTAGGCCAAACTTACTATGCAATTTCAGAGGCCAGCAAAGATCATGGATTCTCAGCAGGCTCTTGCCCGACGGTGGGGATTGGCGGGCACATTGCAGGAGGGGGTTTCGGTTTGCTGTCCAGGAAATACGGGCTGGCTGCTGATAACGTGGAGGATGCACTCCTGGTGGATGCTGATGGGAGGGTTCTGGACCGGGAAGCCATGGGAGAGGAGGTGTTCTGGGCTATTCGGGGAGGCGGTGGGGGAATTTGGGGGATCATTTACGCTTGGAAGATTAAGTTACTCAAGGTCCCTGAAACCGTGACAGGTTTCATATTGTCTCAACCTGGCACCAAAAGGTATGTTGAGAGGCTAGTGCACAAGTGGCAGCATGTTGCACCAAAGCTGAGTGATGGTTACTATCTATCAGTTTTTGTTGGTTATGGTTTGCCAGAAACAGCACCAACCATTGGATTATCAGCAACATTCAAAGGGTTTTTCTTGGGTCCTAAAAGGGAAGCTTTGTCTGAATTGAACAAGGCCTTTCCGGAGCTACATTTCCGAGAAGGAGATTGCAAGGAAATGAGCTGGATTGAATCCGTAGTCTATTTCTCTGGATTGAAACCAGCAGGAAGCAGCAGCTCCATGACCATCTCTCAGTTAAACAATCGTTACCTTATAGACAAGTTATTTTTCAAGGCTAAATCAGACTACGTGAGGACCCCGATTTCGAGTAGGGGAATCAGGGCTGCAATAGACATATTAGAGAAAGAACCAAAAGGATACGTGATCTTAGATCCTTATGGGGGATTCATGGAAAAAACTGACACTGAATCCATCGCTTTCCCTCACCGAAAAGGCAACCTTTTCTCAATTCAGTACATGGTGGAGTGGAATGAAAAGGACGAGCAACAGAACAGGAGCAATGGTTACATAAACTGGATACGAGGATTCTACAGTTCAATGAGCACTTTTGTTTCATCAGCACCCAGAGCTGCTTACATCAATTACATGGATCTTGACCTTGGTGTGATGAACACTAGCAATGAAATGGAATTGCTAATGCTAAATGGCAACGCCCCATCTTCAGATGCCGTGGAAAGGGCCAGAGTTTGGGGTGAGAAGTATTTCTTGAGTAACTATGATAAACTAGTGAGAGCTAAAACTCTTATTGATCCGCTCAATATTTTTAGGCATCAACAGGGCATTCCTCCCTTGTCAACGTCCACTTCCTGAAGTAGCCAGCTAAACTACTGCTAGTTACTGTTCACCAATCTGCAGAACAAATGAGACTTTTTTGGTCTGCATACCATTTGATGTCAATTAGCAGGCATATCATAAGAACACTTTTCATTGTTTTTCATGCACGTTCCGTTCTTGTACGCATAACATTTCATTGAAGATGACCGACAACATATAACATATGCAACTTAATTAA
ADC (Arginine Decarboxylase),XM_027262854.1,unknown,0,351,+,ATGCCATCTTCACTCTTCATCTTCAAGCCATCGTTAGCCTTCATCTTCAAGCCTGGAGTGAGGGGAATATTGTCGGACCTGACGTGTGATAGTGATGGGAAGGTCGACAAGTTTATTGGAGGTGAGTCAAGCTTGCCCCCCCATGAATTGCAAGGCATTGGTGGTAGTGGTGGGGGATACAATTTGGAAATGTTCTTAGGTGGGGCTTATGAGGAGGCGCTTGGAGGATTCCATAACCTGTTTGGCGGCCCTAGCGTCGTACGTGTGTCCCAGAGTGATGGCCCTCACAGCTTTGCTATGACGTGTGCCGTCCCTGGAGTGGCATGCAGGGATGTTCTCCGGGTGATGTAG
AIC (agmatine deiminase-like),XM_027270193.1,unknown,0,1678,+,TATAGTAGTATCTCGTGAGCTTGTACGTTGAGTCATCCGTTGACATCACTAGCCAACCATTAAAATTCATCCACCACTATTTCATTAATTTTTCCTCAAAAAAGAAAATAATCAAGCTCTCAACAAATTGTAGTCTGCTTTAAATTGAAAAGCAGATTCAAGAATCAGATGGATTTGAAGGAAACACCCTCTCAACATGGATTTTACATGCCTGCAGAGTGGGAAACTCACTCCGAGTGCTGGATGGGTTGGCCAGAGCGTCCAGATAACTGGCGAGACAATGCGGTGCATGCTCAGCGTGTATTTGCAAGAGTGGCATGTGCAATCTCGAAATTTGAACCTGTTACTGTCTGTGCTGCTGCTGGCCAGTGGGCAAATGCACGCAGTCAGATGCCAGAAAACATCAGGGTTGTCGAGATGAGTATGAATGATTCTTGGTTTCGTGATACTGGTCCAACTTTTGTAGTGAGAAAGAGAGATTCAAGTTCAATAAAACAGCACAAAATTGCAGGGATTGACTGGAATTTCAACAGCTGGGGTGGTGTTGATGATGGATGTTACAAAGATTGGAGCCTTGACCTTCTTGTAGCAAGGAAGATTTTGGAAATCAACAGGCTTCCCAGGTTTCCTCAATCTATAATTCTTGAAGGAGGAAGCATTCATGTAGATGGAGAGGGAACTTGCCTAACAACAGAAGAGTGCCTTTTGAACAAAAACAGGAATCCTCAACTAACTAAGGAGCAGATAGAGGATGTATTGAAATCATATCTTGGAGTGACAAAGATTATCTGGCTGCCTCGTGGATTATATGGAGATGAGGACACCAATGGTCACATAGACAACATGTGCTGCTTTGTGAAGCCTGGTGTAGTTTTATTGTCTTGGACAGATTGTGAATCAGATCCTCAACATGAGCGATCTGTCGAAGCCCTCTCCATTCTTACCAGTACTACTGATGCTAGCGGCAGAAAATTACAAGTTATCAAGCTTCATGTGCCTGGGCCTCTCTATATGACCAACAAGGAGGCAGCTGGTGTGGTCCAAGATGATGACGCTAAGCCTAGACTGCCTGGTACGAGACTTGCTGCTTCTTATGTGAATTTCTACATCGCCAATGGAGCGATTATCACCCCTCAGTTTGGGGACAAAAAATGGGATGATCAAGCTGTTCGGGTCCTGTCTTCGGCTTTTCCAGATTACAAGGTTGTAAGAATTGAAGGTGCAAGAGAAATTGTGTTGGGAGGTGGAAATATACACTGCATTACCCAACAGCAGCCAGCTTGCCCCTAAGCAATCCGTGAAACTGAAGCACAGTTCAGACAGTTCGGACCATTAAGCTGCAAGAAATGCAAGTTCCAGGTTGTTTATGCTTATGCTCGATGGAGCTACTTAAAAGCACCAATTGTTGGTTGTTTTCCATGTACCAAAGGAGAATGAATTCTGTGACCTGTTTTTCCAAACTTCATTGGACAATGTTTACTTCATGCTCGAAAGATCTTTGCAAGTCTTAGGATAAAGGGCATGACTGCTTTCGCAGGATAAATTCTGCTACACTTTCATGTTTGTTAGGAGGCTAAACTAATTCATTTCAGCAAAACGAACCGAGTTCTTGAAGTCCCATGTGCTTACAGTTCCAACATTGTGACAAAATCTTGCAATTGGACAGATGATTTTGATC
CPA (N-carbamoylputrescine amidase),XM_027227669.1,unknown,0,1596,+,CACAGCCCACCGCCCTTTTGTAGTTTGTGCCGGTCTAAGCTTTCCCAGTCCCAACTCCCGTGCGTTAACTCAATTCACTCCTGTCGTTTATTAAACGACTCCTCAGTCCTCAGAAAAGAGCTGAACTGCGCAAGTAAGAGATTTTGCAAAGTAGTACCGATGGAGGATGGGAAAAGGGTGGTGACCGTCTCAGCTCTCCAGTTCTCCTGCACTGATGACGTCTCCACCAACGTTGCCACTGCTGAAAGATTGGTTAGAGCAGCTTATCAGAAGGGTGCTAATATCATTCTCATACAGGAATTATTTGAGGGTTACTACTTTTGTCAAGCTCAAAGGGGGGATTTCTTTCAGCGAGCAAAGCCTTATAAGGGACATCCAACAATTCTAAGAATGCAGAAGCTCGCCAAAGAACTGGGAGTAGTGATACCAGTTAGTTTCTTTGAGGAGGCAAACAATGCCCATTACAATTCAGTAGCTGTAATTGATGCTGACGGAACAGATCTTGGGCTTTATAGAAAATCCCACATCCCTGACGGTCCAGGGTACCAAGAAAAGTTTTACTTTAATCCAGGAGACACTGGTTTTAAGGTCTTCCAAACTAAATTTGCAAAAATTGGAGTTGCAATTTGCTGGGATCAATGGTTTCCTGAGGCTGCACGAGCTATGGTTCTTCTAGGTGCAGAAATATTGTTGTACCCTACTGCTATTGGTTCTGAACCTCAAGATGAAGGCCTTGATTCTCGAGATCACTGGAAGAGAGTGATGCAAGGGCATGCTGGGGCCAATCTGGTGCCTTTAATAGCTTCGAACCGCATCGGAAAAGAGATAATTCAGACAGAACATGGCAAAAGTGAAATCATATTCTATGGCAATTCCTTTATAGCGGGACCAACTGGAGAAATTGTTGCAAATGCTGATGACAAAGAGGAAGCTGTTCTTGTGGCGAAATTTGATCTGGATCAAATCAAATACAAGAGATATAGTTGGGGAGTGTTTCGCGATCGACGTCCAGATTTATACAAGGTGCTATTGACATTAGATGGCAGCAATCCACCTGTGTAATTTATGCTGTTACAATTTTTAGCTGAGACACTTGAAATCATGAGATGGTACTCAATTTTTTGATGAAAGAGGAGTTTGGTTTTTGTTTTGAGACTTGGGTATTTCTTTAGATAGAGAACCAATACGTAGGAGCTTAGCAAGAGTAGTAGAGTATTCAGTATTGGACTTCTTTAGAGATACAAGCATATCTTTTGCTACTTCCAAAAGCTACACCCTGCTCTATATACGTTAGTTGTATACACTACTGGCATCTAAAATATCTTGGTCTTAGTAAGCATCTAAGTCTGAGCCTCAGATCAAGGTTTCTGAGCACTGTCACTGTGTGAGTGGCTACGTGGAACATTTGTGTTAACAGTATAGGACTTACCACTTGAGGATCAAATTCTGGAAGATTGCATGTGTTAGATATTCAATGATTTTTCGGACCAGTTATTGGTGTTTTTTTTGGTCATCAAAGTGATGTATCTGTACAAGGTGGTCCATGATATCTTTTATGTAATAGTATATCTTGCAATCTGATTAACCATTAGCTTG
